"HolderAddress","Balance","PendingBalanceUpdate"
"0x000000000000000000000000000000000000dead","32.655252482","No"
"0x004c89e3f44725c95c8d52e0f5b4442c1fa67eec","6771.250504837","No"
"0x004e6d768a86c77ba008393a8b48548856ccd561","90.700931034","No"
"0x00d6ad895740c0a461a271e1b18b6ec7a927b270","2.990280583","No"
"0x00ea0f54674c82af4922234e3921270b17c8cbab","43.682232854","No"
"0x015a978d221575ae92b1e879cd6d51bda264c281","707.848637665","No"
"0x01afb7183e4992214a09dc497ffe39abf93c29bb","483.626913969","No"
"0x024471784ce54b64eaaf332833dc9cbfd29bbf70","452.915665234","No"
"0x02a35be0b9008aba78e22e5193f30e9096dc3069","0.025883446","No"
"0x02a546d33da5cb2df17291f0bd378beb0c339bf4","18.238636916","No"
"0x038173cdd584df8037ea0126559cd3e1daba0c35","594.913272065","No"
"0x03ce7ea94a110b262ea76c8bb7ff7cb170d7cea7","139.011581705","No"
"0x0441107d70e2df58a767ad6553f5b1e4df7bebce","85.093662023","No"
"0x04d7e613fb36357f1f5e587672792ddd336d1b1a","113.167451855","No"
"0x056295bd5030fa78eb70d366e9a88c1ac6813652","430.838644932","No"
"0x06019150e8b18d88b7654aed80fbc10490724eea","24.258588123","No"
"0x061a7c46c58fadcd60f940ef3cc8a270f52a88e5","2607.031966637","No"
"0x063481cb630bedd98a59aa1313e17d8f23403049","2349.365600674","No"
"0x06558b26a17ef8f903bbdaee672fa007b414e891","29.125420214","No"
"0x07255a325762a65c8a1d30a39121bb65cf8cbb69","2401.20832894","No"
"0x07a660597439ccd11c17310d133d215d0d1ce498","435.791118823","No"
"0x07e4d29472656fe72fcb2a4d1f9170543e01f8b7","0.240717652","No"
"0x08957d77fdd71407f08b7d2c6733c9bd5009526c","1434.405611878","No"
"0x09260890ddfe71223c8522534cc37d605dd81d6a","91.873039311","No"
"0x0957f6e74438767ca0ea3530609d01368ed83cff","3.541540461","No"
"0x096a765b1bb73c6924d2975744a3fec62b989da8","260.017515333","No"
"0x096d03625b51785d8815439bf615de84b67ed785","2150.024832465","No"
"0x09feee839337b8b1f1b3cb7b7391e0ae78a46351","179.687422341","No"
"0x0a1b4accb6d518f8a32a25e9372fd300bbd657a9","69.541330106","No"
"0x0a55ee9fa89edb0154c58213bd3c71929e42a656","831.526345035","No"
"0x0aaebdee59231a121ccde838b98536f4b646b88c","82.552059059","No"
"0x0c863259af7177b014432a3217ca7ab585c40fb7","1331.681649449","No"
"0x0ceff680560c9d2de792491f504de79c46834a5f","282.96997491","No"
"0x0d1041bb1dec07f1e37c5bfbe0e8d697a6e7f8d0","233.832433206","No"
"0x0d1bc70b5c33544f4d78da06345e69d305a8a22b","149.423491284","No"
"0x0d5c36939c1d1df3a8dd9272484446aa29acacbd","1904.828599763","No"
"0x0e046d50238dd5941df84d83856f9e07ff4adaf7","0.813870112","No"
"0x0e44ccebe5c4b5463291882d04c5a4af1c2c04be","2997.323522087","No"
"0x0e8d4f1348a16cb97ad1b5bc25f0319cc2b2483f","0.094237006","No"
"0x0efe4127854207fb60c1b2b3cff315aed2669bcc","0.288135363","No"
"0x0f8982e18ee2cbd0445120a1e0eef44db576ea19","125.133060947","No"
"0x0fb122228d710ea0d49d914ed702660663c6b81f","202.649262784","No"
"0x1081f648e31c7df21db9aa002c3b857bdb39aff5","237.075298691","No"
"0x10b928f42b3c211da0615f122a8e6da68a6b6aaa","215.465346718","No"
"0x10db4b6aba0465657646011f2974c50e750fbdab","38.799923916","No"
"0x10e8d5aef03bd76cdba03636c93d6f0e74377f5f","25.035961425","No"
"0x11c292b8d94231e2e5dafca342cc298981c4f935","696.576284285","No"
"0x12350cf75ba735e590f1dc946a7c53badfe180ec","1.984672764","No"
"0x1235feacbf40ebf39fcad864e42830a53617d410","695.838764013","No"
"0x129c0b720d56e4623eba27ccf7a39bfa41e8a033","204.367677726","No"
"0x1358c385c347ddbd01e12f1d6db5ee58bb8f3119","614.29640218","No"
"0x1381884b022e296e3bd5b1597be4af422af87fed","779.806678753","No"
"0x138cda1057de396f56cdff50a9267bbd4ac75b8e","113.255503978","No"
"0x1432498db9a69483896e7a07a0e901246524cbf0","42.787628096","No"
"0x174e301e6f4dfea37b23d8642aa269c53b0a4332","101.477381173","No"
"0x17a80be37a0e429efb3824aaed3f7ea6e82fef80","526.058063852","No"
"0x181200d7baf7acac66334ec79f848585ddc76aac","476.04281629","No"
"0x1867d74220a585139bc8ed364a7d330e66952bb1","3327.130475137","No"
"0x193a9ad735ad66454c0dc147f90309aad7268f0c","125.077102727","No"
"0x19c90d2a9cc9025d3af5854a4febce26787017fd","122.949479584","No"
"0x19d47361d35351f810cb4c5bdaa8a25cf3085de2","2800.477781269","No"
"0x1b9a81880284f0b240a2b010a32d6bae61262844","3691.160234967","No"
"0x1c21375441afa3147c63307343295acbf1cb0280","278.688321536","No"
"0x1cc906f06dbd87c445388f0861a3c52e4880b18b","477.426294695","No"
"0x1d0e25942e18b166deb08698c67d3173da1eaa14","1.73927018","No"
"0x1d10ec12ebfa443234adfbabfc3fbeabf5f06b6d","8.119651403","No"
"0x1d28e33ff87d7b2ea7200f09202f355cb42d2e73","1005.547357617","No"
"0x1d9af6bdbfc0001fa3668c4ff0f690c506d8b68b","1856.525268222","No"
"0x1da3eecdfbcac7d9e089430083f58c853f5d088d","73.22847789","No"
"0x1df0151e0934150913561e8407fd34c1633ca8a1","0.005312871","No"
"0x1e580873a3ff8481cf642425be5e644ddba0eaa6","5589.998347455","No"
"0x1ebe897b75691c21c7693234e6da110291080503","8.582094224","No"
"0x1ec3e83a21a1ed50dece3694117a663545bafdb2","31.047675473","No"
"0x1f094bac32c2d5265682cb8d08a7b75361ec1dda","228.20024505","No"
"0x1f254d838080b4bf71ba613975a121e7321da7ca","52.843404687","No"
"0x1f7ccb0492947b877ca457478eb89f3f70553042","5.317866994","No"
"0x1fa690590773af13fbb52d77af0af0970a400e9b","259.648508368","No"
"0x201018e5781b719a3c0f47ba1ef88ea503a1b0da","142.760102357","No"
"0x20af961ce495c409e0db3659dcdea5464755e2ab","1319.770992959","No"
"0x216832ba6048a256208d1e8e8bb594ed7f66f6ec","1005.020128586","No"
"0x21aa8a9c8fdff1a9bf58ee79ff311eede3da4b84","95.081133646","No"
"0x223ce49897eac6f68721a1334e4d1a3fa0679318","514.106304204","No"
"0x22f3779a6040d59115f1c94d854a8089fd107144","50.0488938","No"
"0x2306dd98953d020f615d300d346d66196bfa8887","1.07057732","No"
"0x23660f9aacaa5b05855df3d2228073740360f236","303.714661999","No"
"0x24276e206f3cb5a2be76cfcd72b45d9322a756e1","2.118266014","No"
"0x248b144a4e6e3a1d2015bbb5366cc593270a0bde","0.024107777","No"
"0x24ae6e6ba123cf62fc808cb99889e1c8ae4d948a","0.807178938","No"
"0x252a2bf1aa98054e598550842f7598bfb372e893","76.903643276","No"
"0x267f61392e7f1a032ca390c854ee50b5439c8c8f","1630.72229726","No"
"0x26859f1e8e6451fa10e043de2efa892cacd43b07","0.393389869","No"
"0x272e8a314a4b46a157e3ad87a96de47ce6272725","211.498123876","No"
"0x276582988a69728273d87aa3dbc4d866b8178bf4","931.918907359","No"
"0x27866a8d857010cc3037e497d42a605a18f1dcc1","6754.653262599","No"
"0x27b3b2cc49571ac78e9eb3326a6286ac3dff1df2","0.02066424","No"
"0x27c359f77f34dd968c40fe927db4b2042e3f400b","606.409404301","No"
"0x28295cb143f32d607a410c1fde0577e46ccc6435","24.980375694","No"
"0x282d6f0d8d14749fb0a1e400c4cbdae4f07c2bb1","1187.888684778","No"
"0x288c7044bbb7b5f0cf823473c0e9cd75ea020aac","0.285064669","No"
"0x292eee47c6262c1c785f9b9b3b1c0cc1351ce29d","0.099025384","No"
"0x298b3b7bccb57271a466fadbc17d355f47b4b872","3175.335221309","No"
"0x29b9c6dd7fc28dc16c675ea052bae65a69bd9a9b","15.436671078","No"
"0x2a488f0024c4356ac68191640dc6663db4ad1ee2","3.98078421","No"
"0x2ae137d07f8fdd3128754b59e9832c5be29849f4","82.530511668","No"
"0x2b224f1132c1a7817a6ef1778ccba79fb6ed0232","0.000710709","No"
"0x2b487d54633f8828629a059f72c59971654f7b2a","276.084951092","No"
"0x2bad2f955551c4971582917e0aa3599584c23bf5","171.007429177","No"
"0x2bc16a135e3f393db47656dd3ea541048ded6fa5","132.086611361","No"
"0x2c9c9bd2c902f28dc4ac323078b745fb20f2a2db","436.573987904","No"
"0x2d755e1e6b39a009894cf4b3b7a05e695989f086","182.67619317","No"
"0x2df7589a309b389ff8954ab0c0401d67c70ec3cf","1032.940777142","No"
"0x2e10a59926ede15a7d2c9bf561030b70ecfe7851","5269.19081879","No"
"0x2ef798003a687a5db3e2887a053bbc257f56a7eb","1341.127270453","No"
"0x2f638ce57a25301bac3a93019143b7aabe66011f","6.293446304","No"
"0x2f684f6238d677bcb4641d8ed59ba4f5e32c0419","189.249393181","No"
"0x2fbdd0e88fc7676c7c76a49f49646c8f3cbc86e2","632.453078222","No"
"0x2fea550ebe0026d78824dd07dc9faf8c634d2390","21.491098928","No"
"0x315d34de4d561c272ecc005ae95435ef1f8e60a0","25.910150392","No"
"0x31a11fbf0fc260d2e5731bb5f77805ac8f5ea798","1.346548454","No"
"0x31b3f211dc48c5df2b1d49923d94a8d9907cb79b","345.576728068","No"
"0x326028360f06e5a60d2f2a571bb421127146fa58","1.011524967","No"
"0x33263997cb3c5d5852707c38fc9426e475d3d2c7","0.017991196","No"
"0x337338eab1c230dc522bf82ec5d903095f226571","604.440651629","No"
"0x34fb52bd676c8c2647b4c3da80260d6d81d2f37d","2340.835693986","No"
"0x35afb701a1eeff1eb0ec492eff04d3f5c5678072","338.212925071","No"
"0x360191f8680e8f1d53ced990ba4a771bbc144eb7","4084.944054352","No"
"0x361031b67a71d599d143bedb18287fe834c650aa","1235.073377559","No"
"0x36b172258f97ef1297c2c850f7fcb246213742fe","995.221532295","No"
"0x375eed695e5c59e355cb1264123a5ef8ab7954d9","141.409553487","No"
"0x37ab7b8a28126eb7075c62940572581258a09805","122.272918737","No"
"0x3816fa48d562a0f1fdedb711d8126ea7e3327432","2166.227795416","No"
"0x387b07796566843bd74e68af114088f45c8a046c","2.758600963","No"
"0x387b406105091583383377e5bca857ab34b76e5c","0.108333703","No"
"0x39d53c10dd4472ce460edc73436c30cadc9fec0f","3956.983181766","No"
"0x3a63dfab57a3ec675dbab8f8325c23882325a748","394.655336837","No"
"0x3b0fd2e01c836ed68b5ba4c72bce6d42e7032a1c","63.107160115","No"
"0x3b3bb82153bc5f30bae154f9d8235b42c730fb41","2858.429301838","No"
"0x3b725a775f5a0994a812546d58ce3bcd667a18a0","146.765196379","No"
"0x3c1acf05c4dcc8ef94cf7ff48f64f5757aafb9db","54.34920544","No"
"0x3c8a05355aea473ccc69a2d23ced73be4fbd9860","2195.460844466","No"
"0x3cbdb6a6daf3e928a97e700a977761b469e75677","791.732187337","No"
"0x3faef97be72a2d1af854d6d661d194e3f4a64285","64.013060439","No"
"0x40458c264055bff0e21a781480779b4d0eca67bb","50.956356078","No"
"0x40db134226e204c755e8c439724cee08798ff711","117.207030955","No"
"0x41103ab42277a496b4c674ef825a1ef8d4972587","50.490856418","No"
"0x41ee93da7a770bac41d853943db54e017b920fd7","209.42035026","No"
"0x41fcb6d70f67893ded56c82eaef5a08fdbca1be2","67.236051015","No"
"0x4273a1a33fd5602c4f3cd5ed2015299f087ff8dc","81.554397968","No"
"0x428b8ed1eeca47bb6ba428b391aae0548324c853","2713.699227323","No"
"0x42ff035329311446bc79ae3424d71f3451661f97","506.042969759","No"
"0x430168fa9b50b9a5bd0c98c885edbf14226c110b","679.140008412","No"
"0x43144edab0934fe6c055c48146f08108d2ce5397","1697.083969812","No"
"0x4376e3f9599fcf7df3d48085eec521550851f252","17.784171646","No"
"0x43d4b4551bc9cd2f1770e5fc59b043043a80d167","66.856560832","No"
"0x44216ad1a52670793fd980f41a9d592a84681006","0.657842679","No"
"0x443ef0630dd5ff94ce1753cf65879c0b867fe5c5","630.053955581","No"
"0x4444d3f88201f08e47f9bd738d5cea711cad5cf1","0.131714464","No"
"0x456e60bb103912f5f3d92598e2d6ff5fe4d91a7a","0.005049499","No"
"0x45f33bd83b012503b21d41345f7e621c2ccc3f98","451.948498317","No"
"0x46021b0315ab73809591d44e03f684f61752172a","0.333431984","No"
"0x461293fcfdcb937cbeb7eb1b8b321d729be580b7","9504.752376188","No"
"0x4629f4e80d7969e647203ac3814693628ee9ddf7","430.862388251","No"
"0x47245db81e3af4d1a9bbaad3c9dcc1bb9cca1b90","9.832063904","No"
"0x4776bdaa023c259ac3a278abdcb6c6afe246e126","286.050204691","No"
"0x478b5e5d75511a369a4ddd6778578eb3fd22e375","9393.747932341","No"
"0x47e95c6c12394e920b996e48f3f82451fde6022d","534.560818145","No"
"0x48143a3ed6f3036d5e3dd1581de1e628b8240f41","1378.922263259","No"
"0x48490e79491d682345b4bfd314d8a7733e11398e","1903.00019682","No"
"0x493b0812ad4fbe8fc758f75992476811d84fc0cd","79.607616198","No"
"0x49b842c9db1c319eb0d5360105137a0da53fef2d","0.274426593","No"
"0x4a07c4dd3aebffeb9e959340d2498a3c60985f9a","870.673765903","No"
"0x4a3a88e5cd259f8c53a7c56878c9ce33b5dbd7be","3.879177421","No"
"0x4b1558ba87e84d01737f398aaeb2cf0079751ed0","217.544638723","No"
"0x4b2a2467884677396b920be5ca2296bb92638d10","19.072110411","No"
"0x4cf09d7e908d19982a0a3cbfc87cf8a7a95d28a2","42.511842225","No"
"0x4d09f8a768d050edf02060c0cac07ea86cd737bc","0.007985771","No"
"0x4d681ef4edc1e3418d3a7d57a69a120736a0fd50","0.590497228","No"
"0x4e7738f874df2c4d972b79118dd7498addd49476","5766.359101193","No"
"0x4e810d97c1c9c01a1a503155dee13212feb114d9","384.697969867","No"
"0x4f680eef5b14fcdfe865f2c8e5aa95de93d3620c","3022.720940983","No"
"0x4f6fea5f2ebf0a3b895caca762f6278ccacbe8a4","5998.944853256","No"
"0x4fe9351e7e03cf1e55bf4f5cd7da6b55573379f0","605.084545393","No"
"0x4ffa95550ca3309f4cf93db9d88db05c12e5eeca","0.287491738","No"
"0x50293e404eba485558986e287cca7827ddc2ecfc","1.158320854","No"
"0x504d5d0afd4ef05872867df0b9665be0ed782a53","85.613703025","No"
"0x5097d7c3fa4c023ca680f7052494d78da207fa4b","922.387541841","No"
"0x50ad8cf602fd5da2675a020f40913a41027d0c42","163.135303987","No"
"0x50ed126f3f4a70cbe08e287bdbb89b7665ebacb6","0.038193915","No"
"0x510a9746c3780c8738da4280599c8095998bb6a1","0.038540875","No"
"0x52738d3dcfd7c882af1335f0e7b0cf6697e66397","209.226439781","No"
"0x52c61a7b0d475aeb4af4e7c680e91744d12f5862","347.183818036","No"
"0x530901ce09fcbcb4613ef4932a73297e95f683d3","96.463912764","No"
"0x539bf5e0c87f9d622e297ebb7d790fe36a136159","0.083644663","No"
"0x54a1546a1693577ec9d82010f9706c1f236463c3","184.014069433","No"
"0x5693b90b3f28bed1624cbcb58f91098dc5ff33dd","0.105326757","No"
"0x5730c5aaad7893b2db844bbb9f3718824e583ce8","103.856048856","No"
"0x579686ad9374c8ce629ab82f2c5b749bd9dc906d","0.182187663","No"
"0x579806858eafb7bb46db82f4817229259cefc2b4","729.177238163","No"
"0x57ecf8a70196f3d9e3d4c7df28635599beaa3008","0.238242433","No"
"0x5808997fe4178921614390e91d1b4649ea762eb7","1.050419387","No"
"0x5824ca302be17f53ee1c2b1f852588e85265fb0a","0.217879504","No"
"0x587a533ae239db6d5efad5b9906a4a4b2803951b","5.199717552","No"
"0x58c1b36db66eeba260b89202a7ffc643209aa333","0.159632552","No"
"0x58d9c90c84e7f118d8c14bae83b3b8b65f25f461","2245.688088793","No"
"0x58e15ed8c7f87a9d6885b0a47f32f2afdc9f3af6","180.535522254","No"
"0x59070f02fa3693bb7af1a41e80cc0ae3f1509e4b","1983.884361373","No"
"0x5a23ed90a1dc2cd0a16792d609f21cd680bf7ad7","886.208833893","No"
"0x5a6306bb7b800b216fc9307899d4a5d31eb49f7c","11304.59529397","No"
"0x5b1c1912f1bc8c4914fdbabb71fc70f8c6bed5e1","8.570512379","No"
"0x5b2fbdb47496c079da441c89d76b08379d2e7f0c","0.112452886","No"
"0x5b738a424bc5680a1ac86d27c32a21dd8859d2a5","5317.77373258","No"
"0x5bdf32fdfa53e3bbc08e6095e4dd95219c453ce7","123.088059179","No"
"0x5be2b72e64bf1e0e573136c2db7ffac7cf6be552","22.428216045","No"
"0x5cc7bb2a70b1e16f72e4c23a2368f9c23fbcb9e9","429.079292519","No"
"0x5ccbb623ca60fcec1b9b671420701176190197c4","52.838411058","No"
"0x5d17a17b40cf6b37822976f4a5d3632b1cf23855","0.362493789","No"
"0x5d2bd8ed705dfe282dc29892a54d68b3562d98aa","923.625599048","No"
"0x5dd7b90509164646c590d2a4df27e6dcfec3a598","14.52568119","No"
"0x5de6ae38bebe5f4766cd9d74c9b1157ee4a8d6c6","60.84198338","No"
"0x5def9a4577aea003d37f6e19719c8fbcd86c48e5","2388.211303952","No"
"0x6023043cba1c2d2a2885d1e6242b49cf076923fe","17.957462114","No"
"0x604f998ac513b7d6b36b84b1668293615351ea18","1647.15103934","No"
"0x613dd1fbebdfb37b7f6774a4da529d11bc606073","742.580798408","No"
"0x61c7cc4b4d8365fcd2a48d4535c1fbb41f949128","159.340431484","No"
"0x61dcfb3f4c25c98a2a239ef6ee9288f658ffa08b","125.200393505","No"
"0x6206140a7c451da90dcf3fe07a3824c2cba9438e","21.206388589","No"
"0x623feb9e6ed452ee5c936b72d547edbbd5900b61","320.171524037","No"
"0x629eac499af66e6951ba48bc5eb0867a93b595be","18.670315684","No"
"0x636542c9a14e20dac03c5d56b80346f2f1decea9","3933.056858656","No"
"0x6365d6a31c40a7b550cd437fa9e5717a6326307c","904.126822283","No"
"0x63d16d52ede669634b283a1410ac57a1100334fe","140.51838626","No"
"0x644e5e286345f7c7e45abadc3903b9256b854d03","1.863535684","No"
"0x65351e098a0a0173010531d53fffba651e1c2fba","1983.27598775","No"
"0x6536bf80176aef3ae0ef42751eb4cdc7f85348be","2263.508102222","No"
"0x664f51f70744694fd7225321aa385eff2f1ea6a5","45.477137631","No"
"0x68defa72b512d29a1e1ed7c39f8ae60b953730d1","339.069237709","No"
"0x68e6125a69a1e37c144fff96486f22eba090ae7a","3235.871523177","No"
"0x692d0164e76fb6ceabfac7ea51c7b2fd1c127081","1428.622431528","No"
"0x69ed10b0dae92d36d9f93e1f3bcce22f3b80c24c","617.90631967","No"
"0x6a5e496e3b9f682c0063096822fe2e955e61d64f","37.558034341","No"
"0x6a7f4b7944b16c18be92123c09603c6061bb6b7e","2452.378409088","No"
"0x6aaecd9866910e164006f910de1df81cb969c79b","689.140445224","No"
"0x6b3ea5bc25456292df40313a8ec6957de40dde37","2668.404435179","No"
"0x6b6e8d56db41c2d1cc1de6b5ff9cd69e8cb124bb","70.502284733","No"
"0x6ba60f8e123d73028061df91f713ebf156c05af1","125.942606233","No"
"0x6bef9b6ab72d207fa392db56bdfbac31265ab9b9","574.248639627","No"
"0x6d71f148b49bcf2b8f91ae3d0fb69d57c49deed4","10154.89078688","No"
"0x6e0750ac9f306b12a5aaf0e6f57c52a69dbcb7cf","58.690330081","No"
"0x6eb956a329199571da167d6a892f69dff524cf09","718.738431737","No"
"0x6ee591495dd3402a93a3d3a8a8a18389b34efdfd","121.733163096","No"
"0x6fcef75a3ae1d64c78b3c96e20477b4d2c4ca718","200.967154824","No"
"0x716347d73f92302c9db88e13e80286ca793a23ea","131.319615099","No"
"0x71b6fc84bf3cbe1ce00ddbf615503fdd2120b8f1","545.407121806","No"
"0x7327e1ae7cace4dbfd9dc34ce6edc9a75f294ee1","3550.56622038","No"
"0x73b1d7722e7d1395db6a810018febb477824e54d","347.363868668","No"
"0x73d2dc596dbcb0fd26a4b8388fa440334054ce19","0.008921128","No"
"0x73db2b3a732f0dd87b9164964a04aa2b574bf606","1.289746129","No"
"0x7419b007e0feb44f69f4d1c4e725746b8c158870","151.614301793","No"
"0x74dd5780b0db3b22752301e1287366ae4ba6ba08","7657.922317287","No"
"0x75699675478ab1652799586f9e6c163b4f57050f","136.552013914","No"
"0x7580ba5291b5a15a40b377f498db8f5238c59ac2","1.789606834","No"
"0x7626119709b5c5a161042c6d17dd6b59c451fc41","0.90815667","No"
"0x769a1671d1ea69d122999316c1033f451620df38","83.358071148","No"
"0x76a51396c307ed4a79fcdb65f3ba16dcc17e07d6","14727.341972779","No"
"0x77350ed9a369ca47d54c395504610b419207c3c1","0.978981019","No"
"0x77717075896bc102734c4826c639c55a257b40a9","136.524354557","No"
"0x78a986e049c0aa88bd43a0b7f4379cdb692652cc","5.844609074","No"
"0x78add6b167a669f2d2a2bd90a578598572765c75","942.447565534","No"
"0x792a1ff9a7ffe06db99174933d8636fc1f2d62a3","974.068712185","No"
"0x796f1b20dc9e2b772c4600a347bc1e46caa85455","2318.94788052","No"
"0x7aad2c1a40f3c0b54b762e6a6c526f1542898d99","300.977288233","No"
"0x7aedd6712c310d515cd3a7f8359d28abfe09a376","543.101142224","No"
"0x7b36d223f86b9e4c6bf9c99d11fc9d548e17eb0d","78.925197925","No"
"0x7bb9dc49bb7ebed5be3866e6d1ac063e547ea1b5","16.579105718","No"
"0x7c98578feb3ec7e8a9e599dc60b0e6c8701152f3","0.057308348","No"
"0x7dccc7fb203343baf8442d42adb8ba166392e2b0","0.677690409","No"
"0x7dce0b925fd2554a5b2c3d6af650b12b7dc88e60","15.004923073","No"
"0x7dd5b8523d232e9b2393d25204bb24c1d6006ef1","10681.655988528","No"
"0x7de2012bce47584a6d61325be8a23d913961e368","84.740542017","No"
"0x7e4869e62cb0f4833cce467810c91afe5c80d0a6","0.359096635","No"
"0x7f51e92ed9f2b8ecd63be47541535424e73288f5","179.98573344","No"
"0x801084df2d0960d741b2588616f097635fff36dd","73.691584503","No"
"0x80441f9a4e0c1f42f753e71b3b63dc8b64667dd2","6181.324206698","No"
"0x81053df42af29474f1ad6e114c4d85f7f9d7ff3b","49.933938427","No"
"0x81c0b779b26c1f7ab570d23e21b09d0e1af2398d","822.615448619","No"
"0x825b1b13cb7e5eb51fd267ee16b42618f66075ab","127.299924236","No"
"0x8343dac2fb50449c59cd6ab649f7671a4211a9ff","437.653711277","No"
"0x84c0586edafd32c5bbee4de89d022f875c95ffb5","24.580169992","No"
"0x857e4f731e4cc770df0c6cda6391c12829c4483c","5359.967688845","No"
"0x864a65a8ec845d3009d191b6ee30b0810cd60761","0.066619681","No"
"0x8727c40f95b7986aabe5756ba669961946da07a5","4.790689237","No"
"0x878ecdd898336dccc076ce0e16dabbf8f507ab9d","378.70768991","No"
"0x87f059d5c72c4716df5efd5139025e07194bd72e","3183.797845355","No"
"0x88025733b0491f682e751f1bbb72667a4df80ef1","536.572225081","No"
"0x88fe68ac3d4d9a1c6047ba9811d39b93147c8caa","794.943560086","No"
"0x899c00169613f8d2ef1d43566b84d8d15c6cf235","181.991944495","No"
"0x89daa0d24a85f09292dcee2aa7ab0edcd619dfff","17.449642862","No"
"0x8a9573fdfa7e5f47506159120afa8736fd1048f6","593.752510391","No"
"0x8b548412da58f02b9e8b39812fa2a1a690be74ef","76.69195123","No"
"0x8bac8b5e9b24696f4fe6ed3276d7f10caa321326","26.676072365","No"
"0x8c549ed15b4a06bc3514c14cc0c2aa8a42b6e0dd","0.001519796","No"
"0x8c725024a362a1b885a29533aa80bf93a1df8e19","2349.750370706","No"
"0x8c89d2a6097ec1559374f3d7a38f91cfa7fdb10d","3061.896614911","No"
"0x8d1ef5eaa4bc6a26e274e3ab400655b6340726a3","1086.30087977","No"
"0x8d9529e6c09801c2e0b80b979b310e93882cef4c","17.089991784","No"
"0x8dbd86ed335a574066e87354f978aae89b1865e0","190.660136323","No"
"0x8de444f326a08acc6eebb3d5291a393d8134c41d","631.784247332","No"
"0x8e37215b252d97bdddec110de40de2ae82164bb1","59.628766448","No"
"0x8e8176c6e2c4ed510e01c233645e0b148449547b","859.905148766","No"
"0x8e8746405acf8e60476ccf83b666e8b8f50ebdde","112.66887931","No"
"0x8e87ab5a88ff1ab81b2af691ce7ff758db39d1e4","415.379702463","No"
"0x8ee611b59fae06e678e4e689805ba492b9017411","0.250502956","No"
"0x8f3b566f10db11b682942dbda74f90279104d0a1","3837.72192157","No"
"0x8f5fd681797e9b2d0e4de125b8fa4623ad9f4e89","3836.431724323","No"
"0x908c5e4ebe64c0df603d42e047c5b8c8b9a64d01","26.673748301","No"
"0x90f322803fd3dba5524a092bd81cf9f317f7b361","0.101008293","No"
"0x91ceedbc12f03e9ec4549c5d10512394f3476d57","0.807166859","No"
"0x92e9bad8744a8e66f436ad9d3412029ca405301f","59.77486783","No"
"0x92f022394ae0b89c48a0e25e9b7eee181b97e849","3592.017474579","No"
"0x9343dfd893e76e664543e048cd22f76e19a19004","0.00570967","No"
"0x94446fc7b099ac0f2177ae40eb1eb4d11bae6536","5050.561441312","No"
"0x945b46c6ca356ebebf3624b2f709f8ed398d5283","270.550667877","No"
"0x950455da4881304d5abc016672f31a592f7aea51","3838.316563892","No"
"0x954f80bcecd72c2a053113fc20a6254c9744d8aa","1579.752500616","No"
"0x9559dc9db5fa0394a18f0cb41048a43795dbe88c","215.367246847","No"
"0x95a861c380d9a590a88dbda4c7918558883dd685","37.344360337","No"
"0x95acd52fdcef7e995175056ebb8f44e0157351ff","0.200049525","No"
"0x963392513e19c0bd311180c6c3c984e48961ca83","3.567247683","No"
"0x965ea8c5c953fbe8987a58d1e74362de2d50857a","51.57391196","No"
"0x96f4cb79cfe8da335ff9d0fb4d882fff01b0c7a3","593.649171961","No"
"0x9748092b4c8ec26d3112a6d43ec2845b76f9aca1","480.845342411","No"
"0x977c827a997e6cb67e70daeaa7145b17d0cb8bda","9538.513054541","No"
"0x98707d240b821a7fe8ca5c47e9f732d669b5e443","627.562248412","No"
"0x9982ca8ddf43c56367466cabc8d82f8b5a767fdb","692.314821156","No"
"0x9989aa6fd729498bd286cb8e03f8c6ac3a53265d","156.257517606","No"
"0x9a223926dbf8ff11f88cdb57fc303d068643decc","7726.451787755","No"
"0x9aa34bf991cdb7a2fc46d27037acd4a6ae81116b","416.325903894","No"
"0x9af15aeebf89ea0716dcd9e170d2d4ec47ed7d44","9130.635873738","No"
"0x9b81cee95d4e4348553e741ad257bca60f48bdf3","43.228459889","No"
"0x9bbae6c7f32003bf8e988ddfc80429cd8e709219","2840.4320437","No"
"0x9cc418c0b89215966b4dde79cbe4a09578e110b0","2094.156723336","No"
"0x9cd47764cb31d297c3f7db6506cf26f0e229e876","2995.344814065","No"
"0x9cdb7121f89e8135aeaf5e2bc8006233fe23f426","3060.031648191","No"
"0x9d07f97931a1fac9a2c85a652369696f191ba25f","11.821470683","No"
"0x9d1bc55e2d70afff2946a34c6c0b9781b4db7f46","3.035473832","No"
"0x9dd54548bcdaf58eeb87f75a6e39940246642f90","809.481773206","No"
"0x9e7fffe9be19da4da16d46860d672b60df4ab4ea","312.613420407","No"
"0x9eae84844d5ce6e09a8628e109a5c142f7ce1875","1399.994771195","No"
"0x9eb72a9d31a53a58ba5084687ac41b029d325251","146.740675491","No"
"0x9ed5123d377129755468de268c79d320ffc104b0","0.422947621","No"
"0x9f015c4a8d8eefdc6ce7e546f5f88a87c181ec3c","128.442126761","No"
"0x9f3e0398afdbb8cd44347f32a2bb66fe9723329b","520.966456638","No"
"0x9fc279b891aab33c02e86b2f100863b37b22ba8a","458.802662389","No"
"0xa092c08aa2888eedb446765d4bd934e51fdf82fd","185.509190388","No"
"0xa0faaec5721cbcae19e00cdbb1e690ac55f1fb7f","1874.206292179","No"
"0xa18a63ec9f0d36edf2d135524228cb7028323d08","206.845750686","No"
"0xa2765b7bf50f32960b54f37f8c6e286d5cd1ed70","399.8433074","No"
"0xa371ff8df51968846d5380b4001d56ba9800c856","601.702779673","No"
"0xa3777a116f686bfbebf0417c7bd7535d551aa8e5","519.979589745","No"
"0xa3993dd9fcc16b3807b73a486e9e4c5397eff07b","262.720329143","No"
"0xa488474207485a9cdfcc6c1fe9c9a78d75c027c9","190.275796197","No"
"0xa49beacfa9a68ed538ff2b1d534c5b8da1339d8a","44.865482224","No"
"0xa50c9f3d6a762442020d9115b672da5b5825249b","1648.913450717","No"
"0xa5c46f10c115d142c378181803c75a9c888a9007","57.165129228","No"
"0xa6e0fdfb2d64bb4e087012f340499f63a3665cae","197.055093556","No"
"0xa7146f0c10886966ab4820c8612f9fa3cfd5ec2b","12.949425585","No"
"0xa7386302c42adb00d646f5bd1dc1901687810bd0","0.043881264","No"
"0xa796578f4b8f8bcaace0c9670ca2da01489629fb","451.253034359","No"
"0xa8e0ee87f894573223a995ed313ed1b03ce8571b","1321.205457012","No"
"0xa92ee09200d501165e1945aa861c92fe46e63ecf","64.524223576","No"
"0xa93511306d538f034c62ddede01fac5c1887d76a","9322.904691339","No"
"0xa957d28c615641fe7077bd371ef327a87d514d09","884.62456101","No"
"0xa9904fe00a76949c64db06e40c2951f40b046746","312.239015782","No"
"0xa9e909b9c66307101caa011d803f866a817ec302","565.129968941","No"
"0xaa30133d2a69cf7a2c3e3e4bdabae85e2e7440bf","1.087896797","No"
"0xaafcaf2ae6d5061d3f66635467c1fe9866f9e7b8","565.449604909","No"
"0xaafcd0539f71544ff15ccf5020fc654f70f46797","312.896087261","No"
"0xab4dea5186b23f556414769c77c3ca01bccd41c7","560.988121335","No"
"0xab7b1a9c545cbba8d2c17b4de36b7f8d85144021","777.675902406","No"
"0xac100c48bd84fbcb690fdb3a2bc0adc7b0877410","1780.018848679","No"
"0xac5823e7a52273d5a55f78046cfa09b7a081e83d","5.3836849","No"
"0xacb1337bf40e832301606f5bb3c55585786530a3","132.99559047","No"
"0xae03c515d6a8f27ae8d3ec363ba9d4971daafb22","2.884037107","No"
"0xae596f5081d9bc74456bcffa8773b54aeba0c621","3158.67846718","No"
"0xaf0f6c5b608c64ebcfa450967ada923a2313c9ed","287.699264531","No"
"0xaf23c1705fc75a20e7e761cd40497bb56a97978d","33.574740717","No"
"0xaf5b690de8462883ac997d50f5b2333e13c9aaee","1496.603207072","No"
"0xafb9848ece66d35f5486d627f00b12747d770ed8","7802.64147158","No"
"0xafe792d11c2e9cdf30513bf14596a1b1742c4636","0.596811959","No"
"0xb0b2943d056bdb756ad14fa3f82f77103fc5fa6c","578.150795672","No"
"0xb0ba509b4da4553a3ee77255a8539bf3081c5649","4.486528856","No"
"0xb0d91683d1ff6c5989733f458ce174cb202aeaed","667.949997343","No"
"0xb0dd5fee1a46bae7ea8a0aec765f588a144a9739","190.318330953","No"
"0xb0e873950d0f622f3bb6390c56e1c3f48dfb7a14","220.837859462","No"
"0xb143badf46de71fb34f900316107ea7dc621c985","64.571909472","No"
"0xb1479546b104f07cc1a500a5019b560fd61b7060","0.793759911","No"
"0xb1d4ceb3af99a19a76af71ab21d3c126d58fa2fd","15.283858159","No"
"0xb3276222b29073dafc2ade52e5025afe747e2e7b","543.884179688","No"
"0xb38ff9b26cc362747b9b836c0bc57b188a6fc19a","655.358076858","No"
"0xb436015ace0c3d5f0cb106bd9e7538aa68ad1be7","0.008175507","No"
"0xb59f5a4e0e68467178294fae49e9cf1954ee5f1f","304.696743744","No"
"0xb5f0641aecc809be2f92d62044a2dc308efddf63","657.618706495","No"
"0xb66fd16aadb1f9517a8feb41343587aabda25a9e","0.569927029","No"
"0xb7f601a526ef7cd437dfe4600d9e145427624e1a","25.616424423","No"
"0xb828d463b478fc34a596d354eb0c3f1f4579dc33","1167.216016563","No"
"0xb82d8a3c2956adcb4f98de2f4d58e99196b4ba81","127.299547749","No"
"0xb887f11353ad596c7aa494d35a533a1baee17cb1","0.587795702","No"
"0xb88f8e0ac770c467c9382f7cfe71ea7a36abaa44","2.496026129","No"
"0xb895099def13c4d9cf6a75aa645eef5f67b717be","25.512090923","No"
"0xb9634bf870196068ef83c2184385a1041f2a1338","0.111130018","No"
"0xb96e2f1a9dfa3792e678295f329206ce4b791f6e","2.801306046","No"
"0xb9c06d92ce134cdd1b5fe058cfe9cc8aa05b72e2","51.457473871","No"
"0xb9c2aa384a1f4a3e5424ab20cf36bc3ee0a6bc25","1432.123685806","No"
"0xba6e718af85205ff7a50b694df7fe8f1bf22f05b","29.362948096","No"
"0xbbd90ec2bf22a78f1071a30fc6f3c4c3c02ba90a","159.849477775","No"
"0xbbf4f54377bd7a63361115067b251b0e190f16d6","425.207517027","No"
"0xbc51b0526b293a8e2b5de3871e0c620940c04908","472.985686439","No"
"0xbc79dd24fcf9ee0756f92edf375aa62f0653b916","1234.647535105","No"
"0xbce18412f8095e6b73a49cef339f0b60fc560f4d","0.88025476","No"
"0xbdcc6cd4d6da56de23b066263ad7ad62848dae96","543.745901826","No"
"0xbdec90f48e89e2a8b3a6b47a93ef2121673bd766","53.610879207","No"
"0xbed1e80e67996ccf5461583f1007cbdfa269eb92","155.018102953","No"
"0xbef79ad445a7d5c455237987cbc552956396ee86","66.699364504","No"
"0xbf75ae94a385e1dcc16e477c81d7e98201e64114","139.365105993","No"
"0xc00800e0a4b6160ddcf793dfe1c11cb251bb38a5","15.339101116","No"
"0xc012a194b3cf61468c3316503a4f83228247cd37","248.396557159","No"
"0xc027ea9dd61de23e9e41c0b1e8f46e1080506f72","14.768079381","No"
"0xc03a77296c63af8de15437e7427b9fe60371724b","169.743559919","No"
"0xc06bb33ded4cebb98cd32d6109a55d23b39d1643","608.195599726","No"
"0xc0a3c13e9825ae158c9a990d1324b8af85d76d33","449.117061119","No"
"0xc1d39c6e4087904077309ac3d60fc58885718d5a","4060.940616243","No"
"0xc223330382f38e4ef01822f8a3855593f88bcad4","367.649255932","No"
"0xc280df1b582522141ddabbfafbd6d64d42877f8c","2762.51768531","No"
"0xc3457580d48b4a30b4256dcc73223158c6155657","16.196022957","No"
"0xc366c7ca5ec8d44b7642f1c0ace0644176f9cd9c","1634.178010216","No"
"0xc3e72ea71721c3f02b0de849aa849eda4a04cdea","84.027944773","No"
"0xc4090ea1e838e4d4f2e07b07a927a23d1372931c","14441.041178223","No"
"0xc4727d62190c2258af983700628333c15de09c4c","6532.728673199","No"
"0xc47beed5bf3fff6b2a40470237c7f31584e5d420","2869.786721086","No"
"0xc4d42e2a0be9bb15b84452f81a71f11bcc1bb5a9","115.21782254","No"
"0xc5e9bfb2b2995de620e5a542f6a6c1c783e34999","260.212694738","No"
"0xc62aa3a3b26ffced082f08ac9bda15d8cb6aaae3","12.771237236","No"
"0xc6ba6495d464b2c40d2f28ccc8b7067b77cbb22e","27.5745062","No"
"0xc7cb2ad2fd6c209cdb42fe9029381389e136dcfd","1069.241922889","No"
"0xc8a41bfcb304c826da13205cd692a05984dde146","442.07599895","No"
"0xc9cba669e962c7a023588fc8cbb51cc757a0ad86","36.498204042","No"
"0xc9d8d604e756dacb2c708ea607f497cf6392790b","0.040883882","No"
"0xca25dcfd4a29c210087ca2456ca28056f1474bfd","12.169542486","No"
"0xcb19601204d0fadc4457cbc78dcef9b0e9373a27","0.220131259","No"
"0xcb692809bf98a8201648b3c81f7231230f5cdfb1","66.949217457","No"
"0xcc76feb1859b619f5583badb7f96addbbc345518","7117.028370808","No"
"0xccdcc8958cff473edfcf1de986afdd16668caed9","473.163602585","No"
"0xcd209327b1d35be0a903c1e2997bb628e9fd2f96","147.105570229","No"
"0xcda3ba7e4889d25d9b662450f3f760ac7fd03ec9","0.871784793","No"
"0xcdd1dce36f279abaa89d0ce39d8eff58ed2e77b9","18.411191845","No"
"0xce059a1daaefaaf38021734e2d35c6db6f64fe8a","121.078554472","No"
"0xce141b5f1f92fad68a1c466e07b735364264ece7","214.182791562","No"
"0xcef16eb0cde651e274bb9b5cf34943679f89f354","114.314783596","No"
"0xcefc445a8283c5fe3fa06d3a28da141a90ba6c42","1.853872398","No"
"0xcf6f06a8170be309272972a1988a386f3f52bd2e","3.043278574","No"
"0xcfa994e321795c0102f7b744bfe17b0bb646ffe7","224.927832317","No"
"0xcfea4615480ee00015de2d1a6b26a82550e5c9ea","2636.354057447","No"
"0xd0060dbfecfddbf14995288021c91aea2ee9abf0","581.821508092","No"
"0xd03397d291bdce2b87ec9911c699e8d8fe4ebcc0","2152.385998672","No"
"0xd035c6f04364b66c64cfcc2922a0b5680f86a446","302.291112","No"
"0xd09f0f0bfe083dbcd4af00634685c53e4eb549be","319.548726011","No"
"0xd13db354ae4feffffac606ecfe7655b514178841","21288.384125876","No"
"0xd1768ec59d6ba181194c02d5247c720670491093","115.306350931","No"
"0xd1899c1cd0348c42e6afe42d3e934231f74aaf92","3393.027696226","No"
"0xd24fd2d998d6a3f1306de61cc95bbb8abb28e887","515.927523785","No"
"0xd257b0e1d1b9906c9ff06c762483e4848c0d36fa","134.658572677","No"
"0xd2725d2b609c2a090a8c358caedae747f1f42a53","4.173465177","No"
"0xd27a0d37355d74346c406eb2aae26de3b338754d","6.702731716","No"
"0xd2e5b940ac782a5cdff7c0698548766be6a83359","110.098479726","No"
"0xd3f4b4571f1841e1f516883f8b7f4171c5c6bf7b","0.069044665","No"
"0xd40e8efcb2d035516b04abcbedcdd2d8e9996d0e","0.209974984","No"
"0xd47242ba54f09e26d9ce380b18d284c56a6de8ad","28.512886489","No"
"0xd54d5d50ad34406018eed98b6c2f1b4d948129d1","1228.101226189","No"
"0xd5eaa9bce9984d4c15be25b8257e37571e956554","22.682473141","No"
"0xd61a35fda7220920aefeb48915c08890bf63e5d1","2575.932819088","No"
"0xd6803013bd84b22e838994fd7ca45077445b318e","217.337729228","No"
"0xd6ac8df05160d7b694245271a29892ac38d80570","10.703053946","No"
"0xd6f5d7d0574b20ebd43259cf5bdfaec81fef86a7","70.057099699","No"
"0xd75be2f66d50dcdae343ef1fd4f4d9c8bc906fdc","664.635810766","No"
"0xd7af2bb2e5b76fd8962500c99f4bd09db0436294","1899.437812026","No"
"0xd81181fc54745a9c9f265e83308fbed05f56d72c","7019.586635156","No"
"0xd87d755a9f3df5d9fd55de38e06bbca24cf89a8f","14.105515612","No"
"0xd9c94ac2575b6363a15ab4b80b4795af7789910b","641.938862252","No"
"0xda4402afbf530bb095a4cd78b11eeb63306bcc98","843.410458461","No"
"0xdb1ddc71d1ec3e466177c818966acb58dc05001f","200.264188419","No"
"0xdb66a220bf7617aa829b78294feb6bbb82648e2d","982.436685163","No"
"0xdbf85cc44a1517dd08ddeebd33fe85ff0fa69b68","2.078543004","No"
"0xdc2d2782b8366348891ad718cd95e0f7cbc5de53","519.436157549","No"
"0xdc450593be191ab4e180e5e9f1df6f32acefa3ed","1.106951894","No"
"0xdc80e2a6e0c88c872718d88e6508fa89fd68897e","97.111328482","No"
"0xdd24c41265326f860b9bc6ffb38475dbe4b1314d","1.159009039","No"
"0xde0759090b7d1db3a0f34810bb519c45611201e8","1.404419826","No"
"0xdea0c9190c8b611f4464abc09f20065b3832bf22","383.360912334","No"
"0xdeade69dbb08114d684c6f38f6de6ce85d18dead","459.05337131","No"
"0xdfa5815ec15e158573a1b898de36e3527b742d9a","1952.381295956","No"
"0xdfff912fa8c9ac094ecaea2cdcb750fc80bb5cdd","3777.352274583","No"
"0xe016d107cf90e095cbcb2b4f60200a68f9197874","850.530419182","No"
"0xe0c35f13daba577458077e1ef3b6b5d5129f0880","95.077307978","No"
"0xe15abfaea12de2227e41d295f02c07dc5028ae43","4.896068263","No"
"0xe19a7400359090e3ca1623e23bc4e2eecfce38fc","614.42515984","No"
"0xe1ee7885a4dbc2dd55bd0ec7c828e739eac76ee2","0.227678186","No"
"0xe362f5b0539f5eca7cebcf365cc6ecb1afae41e4","70.281563327","No"
"0xe4473a30dc56afca7c5cda76c81ac8b6894d3717","0.135601892","No"
"0xe48fc24527f0b8060a38a6ab003e9bcc879e0fdf","5049.580134444","No"
"0xe4af04f036e6ca9d313ac5a60934f48a3425d511","2205.658778356","No"
"0xe4c7a9a62baf5d7d1036a17128ff6b97cf959174","0.848395988","No"
"0xe6fc690febfd3f0c95163c0d4f324226f3523064","322.293191679","No"
"0xe7c53557dedbbee650773e36ca02c2b39d4848ad","356.258408268","No"
"0xe7d66dab9fc5d2b45800fbbe7eae4b3ced5ffa61","686.210787351","No"
"0xe81774d36dcc0cecc2898c52349a7ce8baee77fe","8.823464168","No"
"0xe88738eed57c8e4a6a1a11a9160de4835341c60f","18.692181208","No"
"0xe9117b7d5d80f92544dcf84dad8e15d22a4e48c5","315.387257729","No"
"0xe9fb4656777266f8d74129883ac1e6b0cc2045d4","514.821270617","No"
"0xeb09586892c4d2127597aeb5c5b38b96586672a2","95.332514044","No"
"0xeb6e7f440c79fc302b884d459b3c826f3d0b5fc8","572.085439855","No"
"0xebb2621a228a2df47eaac01f0c18cb34e80fadee","30.003335743","No"
"0xebedebd1841d91ac6ee73c600d5c1026e8e51fa7","102.751042742","No"
"0xec43905ace5f27005cd467e8d569c3011697cd1b","109.887749804","No"
"0xed0e091b77be68bb40264a6f33ef960f00b1d40e","691.642115842","No"
"0xed37ded29d3eaa217d23d81c1e5d2c2a0998cc73","4412.180486094","No"
"0xed4b500c71030f1dbc1c46527256842d93573008","554.364263231","No"
"0xee6b73f09f9cf32b874e1416e4c147f078c79128","13.566621531","No"
"0xef441331846ff9522d905f199974872c053210b5","0.074191085","No"
"0xef63710db094bc3183400902b0954fea20498ba2","425.040430333","No"
"0xefb6ae06b48f03cb939f0eb5654627b83dc6e3ff","10.534482292","No"
"0xf0f534f4cc7220f6982959c61b4d5913358662fc","6.025859789","No"
"0xf1266b89602c291a1c17eadb477ce095123cc401","0.093648929","No"
"0xf1cc99d1861af6d2c2684ab19dd125ae2563f36d","1168.479974239","No"
"0xf26e77b4a42151cb5ad1007663374d299e4f5424","5232.769050381","No"
"0xf376c0c92060f64489ee7d0c75a8904954491d68","1236.85190546","No"
"0xf37c3fbe0a404f848c38a31fdbbc37294531363b","12142.181800454","No"
"0xf5992c7b55a9514b08e88f1071f0834ffd09223b","105.512132894","No"
"0xf5e19d1e1aed295de29e09f2947b5da0f8dc707d","1074.611766016","No"
"0xf6b8e026ef549279dcfb85c20e09975cf7fc5f90","4771.296317672","No"
"0xf6c647027b610e6e073e4eaca93f7aab0ebdd936","208.330664598","No"
"0xf784e568c3a3ca7b16b056faea7241951f9f2c5b","1902.09376485","No"
"0xf8613c354ad1de394fc8a579d18cd9bf78078ded","25.334573891","No"
"0xf93e9a9fb448cf4f03f432de6949cc96c813071a","28467.789016976","No"
"0xf99b8c4062457ba4b7af2fe51a5b6b13c835b99d","377.537686309","No"
"0xfa4060b0836526fef10be8dcc131560729e3f7fc","1.531825782","No"
"0xfa7254a300e1d33779d8107a5d4074b568b9fb9c","28.53035248","No"
"0xfa78b5855021b535e3054fbadc75b5bbf45e2c47","4.993928073","No"
"0xfa8fcc850308cbe3c49f5a26d0675eb273cbf035","57.103201694","No"
"0xfb6bb0b914ebc0772a5a568a6ad849d9a550773f","1462.92344872","No"
"0xfbb1a1928c29f1b6d90744f6e0e07f19d16ae16f","14.031301584","No"
"0xfbcbc4514b174e0a1f90dd3f3ed4191c69d81836","620.278204382","No"
"0xfbcd35e06e936408b87a013f49b83d05eacc2718","12378.072376406","No"
"0xfbe272339fc11a765fa6e4d1d11440e5c155694c","0.592930181","No"
"0xfc35ecd5f2fe46e21a16c16ca9e35736a3589738","525.193378736","No"
"0xfc6b2c91d0d6e3f3f3ef1d3e747a3b5c88ec530c","3414.001001695","No"
"0xfc81c38545b4361584a3c4ecf031a8314e6bbe8d","3380.31879443","No"
"0xfcd8b8478b6036f075e90066bc36cb669e4fa12f","1.13169097","No"
"0xfd134739126c0065fe6f6cbe13f4637502d00b64","52.481254324","No"
"0xfd908392d36805add1292292b260b914ca476b7a","418.032677817","No"
"0xfe4ab56a85ce0e66d986da29f3be1c7e983e9773","112.008611231","No"
"0xfe4b04ade5478f3b649614221cdcc43ee31fa27e","19.914963049","No"
"0xfe4de991b163e428c328ff51614facb36f83f80f","0.373274043","No"
"0xfe651b89d7da55e36e49d2dc7583ef62632c12af","26131.020511657","No"
"0xfeef5d319cc5e4e47ce5d028de17fa749b264384","1020.221527547","No"
"0xffb596fe69c3df4a0589fbc37bef866c6b970039","3.592029299","No"
"0xffcc306933ead1baf39364af7d04dbc9ad0151f8","884.13097445","No"
